<?xml version="1.0" encoding="utf-8"?>
<WorldMetaData xmlns:xsd="http://www.w3.org/2001/XMLSchema" xmlns:xsi="http://www.w3.org/2001/XMLSchema-instance">
  <Game>Assembly-CSharp</Game>
  <GameVersion>0.2.3623.17642</GameVersion>
  <DateTime>133092240160400303</DateTime>
  <DaysPast>16</DaysPast>
  <WorldName />
  <IsOnAwayMission>false</IsOnAwayMission>
  <WorldTravelCount>0</WorldTravelCount>
  <WorldFileName>CentrifugePID</WorldFileName>
  <WorkShopFileHandle>0</WorkShopFileHandle>
  <NumberOfRooms>0</NumberOfRooms>
  <NumberOfPipeNetworks>3</NumberOfPipeNetworks>
  <NumberOfCableNetworks>3</NumberOfCableNetworks>
  <NumberOfThings>333</NumberOfThings>
  <NumberOfAtmospheres>25</NumberOfAtmospheres>
  <NumberOfAsteriods>0</NumberOfAsteriods>
</WorldMetaData>