<?xml version="1.0" encoding="utf-8"?>
<WorldSettingData xmlns:xsd="http://www.w3.org/2001/XMLSchema" xmlns:xsi="http://www.w3.org/2001/XMLSchema-instance">
  <Name />
  <IsDepreciated>false</IsDepreciated>
  <Description />
  <GameMode>Creative</GameMode>
  <SkyBoxMaterialName>Starfield Skybox</SkyBoxMaterialName>
  <SunPrefabName>MoonSun</SunPrefabName>
  <MaxSunIntensity>1</MaxSunIntensity>
  <Planets>
    <Prefab>PlanetEarth</Prefab>
  </Planets>
  <Skybox />
  <PreviewScene fov="38">
    <CameraPosition>
      <x>0</x>
      <y>0</y>
      <z>0</z>
    </CameraPosition>
    <CameraRotation>
      <x>327.15</x>
      <y>180.42</y>
      <z>358.823</z>
    </CameraRotation>
    <SunRotation>
      <x>47.266</x>
      <y>-46.001</y>
      <z>-107.52</z>
    </SunRotation>
    <AtmosphericScattering>false</AtmosphericScattering>
    <LensFlare>true</LensFlare>
    <LensFlareIntensity>0.25</LensFlareIntensity>
    <SkyBoxMaterial>Starfield Skybox</SkyBoxMaterial>
    <Prefabs>
      <Prefab>
        <Name>UISun</Name>
        <Position>
          <x>-12</x>
          <y>731</y>
          <z>-728</z>
        </Position>
        <Rotation>
          <x>0</x>
          <y>0</y>
          <z>0</z>
        </Rotation>
        <Scale>
          <x>13.419</x>
          <y>13.419</y>
          <z>13.419</z>
        </Scale>
      </Prefab>
      <Prefab>
        <Name>UIShuttlecraft</Name>
        <Position>
          <x>-21</x>
          <y>159.1</y>
          <z>-236.2</z>
        </Position>
        <Rotation>
          <x>-36.429</x>
          <y>140.917</y>
          <z>32.933</z>
        </Rotation>
        <Scale>
          <x>15.85437</x>
          <y>15.85437</y>
          <z>15.85437</z>
        </Scale>
      </Prefab>
      <Prefab>
        <Name>UIPlanetEarth</Name>
        <Position>
          <x>-165.7227</x>
          <y>331.3017</y>
          <z>-664.209</z>
        </Position>
        <Rotation>
          <x>71</x>
          <y>130</y>
          <z>76</z>
        </Rotation>
        <Scale>
          <x>1.274</x>
          <y>1.274</y>
          <z>1.274</z>
        </Scale>
      </Prefab>
      <Prefab>
        <Name>UIMoon</Name>
        <Position>
          <x>78.3</x>
          <y>61</y>
          <z>-298.5</z>
        </Position>
        <Rotation>
          <x>31.644</x>
          <y>0</y>
          <z>0</z>
        </Rotation>
        <Scale>
          <x>50</x>
          <y>50</y>
          <z>50</z>
        </Scale>
      </Prefab>
    </Prefabs>
  </PreviewScene>
  <TerrainPrefabName>TerrainMoon</TerrainPrefabName>
  <Gravity>-1.62</Gravity>
  <TimeOfDay>0</TimeOfDay>
  <SizeOfWorld>10</SizeOfWorld>
  <WorldOreDensity>0.001</WorldOreDensity>
  <NumberOfCratersPerRegion>5</NumberOfCratersPerRegion>
  <NumberOfRegions>8</NumberOfRegions>
  <SizeOfCraterRegions>50</SizeOfCraterRegions>
  <BedrockLevel>-40</BedrockLevel>
  <LavaLevel>0</LavaLevel>
  <HasLava>false</HasLava>
  <Kelvin>
    <keys>
      <Keyframe>
        <time>0</time>
        <value>293.15</value>
        <inTangent>0</inTangent>
        <outTangent>0</outTangent>
        <inWeight>0.333333343</inWeight>
        <outWeight>0.333333343</outWeight>
        <weightedMode>None</weightedMode>
      </Keyframe>
    </keys>
    <preWrapMode>ClampForever</preWrapMode>
    <postWrapMode>ClampForever</postWrapMode>
  </Kelvin>
  <HungerRate>0.25</HungerRate>
  <StartingCondition>Default</StartingCondition>
  <Seed>-1676416196</Seed>
  <AtmosphericScattering>false</AtmosphericScattering>
  <AtmosphericScatteringData>
    <RayleighColorRampColorKey />
    <RayleighColorRampAlphaKey />
    <RayleighColorRampMode>Blend</RayleighColorRampMode>
    <WorldRayleighColorIntensity>1</WorldRayleighColorIntensity>
    <WorldRayleighDensity>10</WorldRayleighDensity>
    <WorldRayleighExtinctionFactor>1.1</WorldRayleighExtinctionFactor>
    <WorldRayleighIndirectScatter>0.33</WorldRayleighIndirectScatter>
    <WorldMieColorIntensity>1</WorldMieColorIntensity>
    <MieColorRampColorKey />
    <MieColorRampAlphaKey />
    <MieColorRampMode>Blend</MieColorRampMode>
    <WorldMieDensity>15</WorldMieDensity>
    <WorldMieExtinctionFactor>0</WorldMieExtinctionFactor>
    <WorldMiePhaseAnisotropy>0.9</WorldMiePhaseAnisotropy>
    <WorldNearScatterPush>0</WorldNearScatterPush>
    <WorldNormalDistance>1000</WorldNormalDistance>
    <HeightRayleighColor>
      <r>1</r>
      <g>1</g>
      <b>1</b>
      <a>1</a>
    </HeightRayleighColor>
    <HeightRayleighIntensity>1</HeightRayleighIntensity>
    <HeightRayleighDensity>10</HeightRayleighDensity>
    <HeightMieDensity>0</HeightMieDensity>
    <HeightExtinctionFactor>1.1</HeightExtinctionFactor>
    <HeightSeaLevel>0</HeightSeaLevel>
    <HeightDistance>50</HeightDistance>
    <HeightPlaneShift>
      <x>0</x>
      <y>0</y>
      <z>0</z>
    </HeightPlaneShift>
    <HeightNearScatterPush>0</HeightNearScatterPush>
    <HeightNormalDistance>1000</HeightNormalDistance>
    <UseOcclusion>false</UseOcclusion>
    <OcclusionBias>0</OcclusionBias>
    <OcclusionBiasIndirect>0.6</OcclusionBiasIndirect>
    <OcclusionBiasClouds>0.3</OcclusionBiasClouds>
    <OcclusionDownscale>x2</OcclusionDownscale>
    <OcclusionSamples>x64</OcclusionSamples>
    <OcclusionDepthFixup>true</OcclusionDepthFixup>
    <OcclusionDepthThreshold>25</OcclusionDepthThreshold>
    <OcclusionFullSky>false</OcclusionFullSky>
    <OcclusionBiasSkyRayleigh>0.2</OcclusionBiasSkyRayleigh>
    <OcclusionBiasSkyMie>0.4</OcclusionBiasSkyMie>
    <WorldScaleExponent>1</WorldScaleExponent>
    <ForcePerPixel>false</ForcePerPixel>
    <ForcePostEffect>false</ForcePostEffect>
  </AtmosphericScatteringData>
  <AmbientLightMin>0</AmbientLightMin>
  <AmbientLightMax>1</AmbientLightMax>
  <AmbientSkyColor>
    <r>0.1838235</r>
    <g>0.1838235</g>
    <b>0.1838235</b>
    <a>1</a>
  </AmbientSkyColor>
  <AmbientEquatorColor>
    <r>0.1176471</r>
    <g>0.1176471</g>
    <b>0.1176471</b>
    <a>1</a>
  </AmbientEquatorColor>
  <AmbientGroundColor>
    <r>0.08088237</r>
    <g>0.08088237</g>
    <b>0.08088237</b>
    <a>1</a>
  </AmbientGroundColor>
  <SetSunInSkybox>false</SetSunInSkybox>
  <Stars />
  <NoTerrainLod>true</NoTerrainLod>
  <SizeOfTerrainLodQuads>16</SizeOfTerrainLodQuads>
  <WidthOfTerrainLodPlane>50</WidthOfTerrainLodPlane>
  <LengthOfTerrainLodPlane>50</LengthOfTerrainLodPlane>
  <TerrainLodColor>
    <r>1</r>
    <g>1</g>
    <b>1</b>
    <a>1</a>
  </TerrainLodColor>
  <AlphaCutoutDistance>10</AlphaCutoutDistance>
  <Clouds>-1</Clouds>
  <CustomTerrainColor>
    <r>1</r>
    <g>1</g>
    <b>1</b>
    <a>1</a>
  </CustomTerrainColor>
  <HasCustomTerrain>false</HasCustomTerrain>
  <HasCustomTerrainColor>false</HasCustomTerrainColor>
  <LavaColor>
    <r>0.6509434</r>
    <g>0.279085875</g>
    <b>0.119748987</b>
    <a>1</a>
  </LavaColor>
  <HasCustomLavaColor>false</HasCustomLavaColor>
  <SolarScale>1</SolarScale>
  <SolarEclipticAngle>0</SolarEclipticAngle>
  <TerrainGenerationFeatureSettings>
    <isEnabled>false</isEnabled>
    <BigTileSize>0</BigTileSize>
    <GridSize>0</GridSize>
    <CustomFeatureVoxel />
    <CustomFeatureIncident />
  </TerrainGenerationFeatureSettings>
  <WeatherEvent>
    <WeatherMinimumStartTime>0</WeatherMinimumStartTime>
    <WeatherMaximumStartTime>0</WeatherMaximumStartTime>
    <WeatherMinimumDuration>0</WeatherMinimumDuration>
    <WeatherMaximumDuration>0</WeatherMaximumDuration>
    <WeatherMinimumCooldownDuration>0</WeatherMinimumCooldownDuration>
    <WeatherMaximumCooldownDuration>0</WeatherMaximumCooldownDuration>
    <WeatherWorldStartCooldownDuration>7</WeatherWorldStartCooldownDuration>
    <FogColor>
      <r>0</r>
      <g>0</g>
      <b>0</b>
      <a>0</a>
    </FogColor>
    <WeatherKelvin>
      <keys>
        <Keyframe>
          <time>0</time>
          <value>293.15</value>
          <inTangent>0</inTangent>
          <outTangent>0</outTangent>
          <inWeight>0.333333343</inWeight>
          <outWeight>0.333333343</outWeight>
          <weightedMode>None</weightedMode>
        </Keyframe>
      </keys>
      <preWrapMode>ClampForever</preWrapMode>
      <postWrapMode>ClampForever</postWrapMode>
    </WeatherKelvin>
  </WeatherEvent>
  <Clutter>
    <ClutterXmlData>
      <PrefabName>RockMoon</PrefabName>
      <MinScale>0.6</MinScale>
      <MaxScale>1</MaxScale>
      <Weighting>10</Weighting>
      <MaxAngle>40</MaxAngle>
      <Probability>0.02</Probability>
      <MaxRotationAngle>
        <x>0</x>
        <y>0</y>
        <z>0</z>
      </MaxRotationAngle>
    </ClutterXmlData>
  </Clutter>
  <AtmosphereComposition />
  <TerrainGenerationFeatures />
  <CustomTerrainParameters />
  <MineablesOverride />
  <TraderFrequencyOverride />
  <RotatingSky>true</RotatingSky>
  <DifficultySetting>
    <Name>Fallback</Name>
    <Description>Fallback</Description>
    <HungerRate>0</HungerRate>
    <HydrationRate>0</HydrationRate>
    <OxygenRate>0</OxygenRate>
    <LungDamageRate>0</LungDamageRate>
    <LifeFunctionLoggedOut>0</LifeFunctionLoggedOut>
    <EatWhileHelmetClosed>true</EatWhileHelmetClosed>
    <DrinkWhileHelmetClosed>true</DrinkWhileHelmetClosed>
    <StartingCondition>Default</StartingCondition>
    <RespawnCondition>Normal</RespawnCondition>
  </DifficultySetting>
</WorldSettingData>